id,time,values,aqi,pollution
1,2023-01-31 00:02:00,26.7,81,Moderate
1,2023-01-31 00:02:30,381.0,415,Extremely hazardous
1,2023-01-31 00:03:30,322.9,372,Hazardous
1,2023-01-31 00:07:00,260.3,310,Hazardous
1,2023-01-31 00:08:30,320.3,370,Hazardous
1,2023-01-31 00:09:00,290.1,340,Hazardous
1,2023-01-31 00:11:00,305.2,355,Hazardous
1,2023-01-31 00:11:30,380.2,415,Extremely hazardous
1,2023-01-31 00:13:30,253.8,303,Hazardous
1,2023-01-31 00:14:00,227.9,277,Very unhealthy 
1,2023-01-31 00:14:30,119.6,184,Unhealthy
1,2023-01-31 00:15:00,482.8,466,Extremely hazardous
1,2023-01-31 00:15:30,51.9,141,Slightly unhealthy
1,2023-01-31 00:16:00,546.3,498,Extremely hazardous
1,2023-01-31 00:18:30,207.2,257,Very unhealthy 
1,2023-01-31 00:20:00,372.2,411,Extremely hazardous
1,2023-01-31 00:20:30,216.8,266,Very unhealthy 
1,2023-01-31 00:21:00,154.2,204,Very unhealthy 
1,2023-01-31 00:21:30,197.8,247,Very unhealthy 
1,2023-01-31 00:24:30,485.4,467,Extremely hazardous
1,2023-01-31 00:25:00,533.6,492,Extremely hazardous
1,2023-01-31 00:25:30,109.0,178,Unhealthy
1,2023-01-31 00:26:30,146.3,198,Unhealthy
1,2023-01-31 00:27:00,167.7,217,Very unhealthy 
1,2023-01-31 00:27:30,460.6,455,Extremely hazardous
1,2023-01-31 00:28:00,229.5,279,Very unhealthy 
1,2023-01-31 00:29:00,206.7,256,Very unhealthy 
1,2023-01-31 00:29:30,23.4,74,Moderate
1,2023-01-31 00:31:00,397.2,423,Extremely hazardous
1,2023-01-31 00:31:30,20.4,68,Moderate
1,2023-01-31 00:33:30,20.7,69,Moderate
1,2023-01-31 00:34:00,62.6,154,Unhealthy
1,2023-01-31 00:34:30,172.9,222,Very unhealthy 
1,2023-01-31 00:35:30,265.6,315,Hazardous
1,2023-01-31 00:36:30,299.7,349,Hazardous
1,2023-01-31 00:37:30,376.0,413,Extremely hazardous
1,2023-01-31 00:38:00,404.2,427,Extremely hazardous
1,2023-01-31 00:38:30,188.0,238,Very unhealthy 
1,2023-01-31 00:40:00,256.5,306,Hazardous
1,2023-01-31 00:40:30,156.9,206,Very unhealthy 
1,2023-01-31 00:41:30,311.3,361,Hazardous
1,2023-01-31 00:42:00,462.0,456,Extremely hazardous
1,2023-01-31 00:43:00,458.3,454,Extremely hazardous
1,2023-01-31 00:43:30,201.1,251,Very unhealthy 
1,2023-01-31 00:44:00,228.6,278,Very unhealthy 
1,2023-01-31 00:45:00,537.9,494,Extremely hazardous
1,2023-01-31 00:46:30,510.6,480,Extremely hazardous
1,2023-01-31 00:48:00,539.4,494,Extremely hazardous
1,2023-01-31 00:48:30,104.8,176,Unhealthy
1,2023-01-31 00:49:00,296.7,346,Hazardous
1,2023-01-31 00:50:00,471.5,460,Extremely hazardous
1,2023-01-31 00:51:00,427.1,438,Extremely hazardous
1,2023-01-31 00:52:00,100.9,174,Unhealthy
1,2023-01-31 00:52:30,499.9,475,Extremely hazardous
1,2023-01-31 00:53:30,21.1,69,Moderate
1,2023-01-31 00:55:00,161.9,211,Very unhealthy 
1,2023-01-31 00:56:00,17.4,61,Moderate
1,2023-01-31 00:56:30,333.9,383,Hazardous
1,2023-01-31 00:57:00,332.1,382,Hazardous
1,2023-01-31 00:58:00,393.2,421,Extremely hazardous
1,2023-01-31 00:58:30,490.5,470,Extremely hazardous
1,2023-01-31 00:59:00,386.0,418,Extremely hazardous
1,2023-01-31 00:59:30,22.8,73,Moderate
1,2023-01-31 01:00:00,316.6,366,Hazardous
1,2023-01-31 01:00:30,471.8,461,Extremely hazardous
1,2023-01-31 01:02:00,61.2,153,Unhealthy
1,2023-01-31 01:03:30,293.9,343,Hazardous
1,2023-01-31 01:04:00,396.1,423,Extremely hazardous
1,2023-01-31 01:06:30,153.6,203,Very unhealthy 
1,2023-01-31 01:07:00,272.1,322,Hazardous
1,2023-01-31 01:08:00,550.0,500,Extremely hazardous
1,2023-01-31 01:08:30,506.9,478,Extremely hazardous
1,2023-01-31 01:09:00,412.0,431,Extremely hazardous
1,2023-01-31 01:10:30,95.3,171,Unhealthy
1,2023-01-31 01:14:00,136.3,193,Unhealthy
1,2023-01-31 01:15:00,260.5,310,Hazardous
1,2023-01-31 01:15:30,404.1,427,Extremely hazardous
1,2023-01-31 01:16:30,289.8,339,Hazardous
1,2023-01-31 01:17:30,14.4,55,Moderate
1,2023-01-31 01:18:00,31.5,91,Moderate
1,2023-01-31 01:18:30,488.7,469,Extremely hazardous
1,2023-01-31 01:19:00,222.6,272,Very unhealthy 
1,2023-01-31 01:19:30,58.0,151,Unhealthy
1,2023-01-31 01:21:00,495.7,473,Extremely hazardous
1,2023-01-31 01:22:00,364.6,407,Extremely hazardous
1,2023-01-31 01:24:00,448.8,449,Extremely hazardous
1,2023-01-31 01:24:30,376.9,413,Extremely hazardous
1,2023-01-31 01:26:30,487.3,468,Extremely hazardous
1,2023-01-31 01:27:30,208.9,258,Very unhealthy 
1,2023-01-31 01:28:00,28.0,84,Moderate
1,2023-01-31 01:28:30,137.7,193,Unhealthy
1,2023-01-31 01:29:30,539.8,495,Extremely hazardous
1,2023-01-31 01:30:30,285.1,335,Hazardous
1,2023-01-31 01:31:00,491.6,471,Extremely hazardous
1,2023-01-31 01:31:30,83.8,165,Unhealthy
1,2023-01-31 01:32:00,508.8,479,Extremely hazardous
1,2023-01-31 01:32:30,15.6,58,Moderate
1,2023-01-31 01:33:00,269.8,319,Hazardous
1,2023-01-31 01:34:00,184.0,234,Very unhealthy 
1,2023-01-31 01:35:00,56.8,151,Unhealthy
1,2023-01-31 01:35:30,84.1,165,Unhealthy
1,2023-01-31 01:36:00,539.6,495,Extremely hazardous
1,2023-01-31 01:36:30,360.8,405,Extremely hazardous
1,2023-01-31 01:37:00,30.6,90,Moderate
1,2023-01-31 01:37:30,43.1,119,Slightly unhealthy
1,2023-01-31 01:38:00,274.2,324,Hazardous
1,2023-01-31 01:38:30,329.5,379,Hazardous
1,2023-01-31 01:39:00,423.6,437,Extremely hazardous
1,2023-01-31 01:39:30,454.2,452,Extremely hazardous
1,2023-01-31 01:40:30,541.9,496,Extremely hazardous
1,2023-01-31 01:41:00,166.1,216,Very unhealthy 
1,2023-01-31 01:41:30,312.0,362,Hazardous
1,2023-01-31 01:43:00,146.3,198,Unhealthy
1,2023-01-31 01:44:00,388.8,419,Extremely hazardous
1,2023-01-31 01:45:00,259.8,309,Hazardous
1,2023-01-31 01:45:30,133.5,191,Unhealthy
1,2023-01-31 01:46:30,202.6,252,Very unhealthy 
1,2023-01-31 01:48:00,200.3,250,Very unhealthy 
1,2023-01-31 01:48:30,335.0,384,Hazardous
1,2023-01-31 01:49:00,86.6,166,Unhealthy
1,2023-01-31 01:50:30,162.5,212,Very unhealthy 
1,2023-01-31 01:52:00,143.4,196,Unhealthy
1,2023-01-31 01:53:00,327.9,377,Hazardous
1,2023-01-31 01:54:00,515.6,483,Extremely hazardous
1,2023-01-31 01:55:00,491.6,471,Extremely hazardous
1,2023-01-31 01:56:00,486.0,468,Extremely hazardous
1,2023-01-31 01:56:30,309.0,358,Hazardous
1,2023-01-31 01:57:00,18.8,64,Moderate
1,2023-01-31 01:57:30,451.7,451,Extremely hazardous
1,2023-01-31 01:58:00,69.0,157,Unhealthy
1,2023-01-31 01:59:30,423.6,437,Extremely hazardous
1,2023-01-31 02:00:00,181.9,231,Very unhealthy 
1,2023-01-31 02:02:00,51.8,141,Slightly unhealthy
1,2023-01-31 02:02:30,483.9,467,Extremely hazardous
1,2023-01-31 02:03:00,424.0,437,Extremely hazardous
1,2023-01-31 02:03:30,32.5,94,Moderate
1,2023-01-31 02:04:00,197.5,247,Very unhealthy 
1,2023-01-31 02:04:30,451.5,450,Extremely hazardous
1,2023-01-31 02:06:00,388.3,419,Extremely hazardous
1,2023-01-31 02:06:30,202.2,252,Very unhealthy 
1,2023-01-31 02:07:00,55.9,150,Unhealthy
1,2023-01-31 02:09:30,478.2,464,Extremely hazardous
1,2023-01-31 02:11:00,87.8,167,Unhealthy
1,2023-01-31 02:11:30,546.0,498,Extremely hazardous
1,2023-01-31 02:13:30,513.5,482,Extremely hazardous
1,2023-01-31 02:14:00,141.2,195,Unhealthy
1,2023-01-31 02:14:30,486.4,468,Extremely hazardous
1,2023-01-31 02:15:30,446.1,448,Extremely hazardous
1,2023-01-31 02:16:00,434.4,442,Extremely hazardous
1,2023-01-31 02:16:30,381.1,415,Extremely hazardous
1,2023-01-31 02:17:00,67.7,156,Unhealthy
1,2023-01-31 02:18:30,445.1,447,Extremely hazardous
1,2023-01-31 02:19:00,135.0,192,Unhealthy
1,2023-01-31 02:19:30,23.2,74,Moderate
1,2023-01-31 02:22:30,84.8,165,Unhealthy
1,2023-01-31 02:23:00,375.7,413,Extremely hazardous
1,2023-01-31 02:23:30,118.3,183,Unhealthy
1,2023-01-31 02:24:00,312.0,362,Hazardous
1,2023-01-31 02:26:30,274.7,324,Hazardous
1,2023-01-31 02:27:00,178.6,228,Very unhealthy 
1,2023-01-31 02:28:00,464.7,457,Extremely hazardous
1,2023-01-31 02:30:00,499.4,474,Extremely hazardous
1,2023-01-31 02:31:00,318.5,368,Hazardous
1,2023-01-31 02:31:30,509.6,480,Extremely hazardous
1,2023-01-31 02:32:30,18.8,64,Moderate
1,2023-01-31 02:33:00,82.9,164,Unhealthy
1,2023-01-31 02:34:00,302.3,352,Hazardous
1,2023-01-31 02:35:30,304.2,354,Hazardous
1,2023-01-31 02:36:00,464.8,457,Extremely hazardous
1,2023-01-31 02:37:00,139.1,194,Unhealthy
1,2023-01-31 02:37:30,204.6,254,Very unhealthy 
1,2023-01-31 02:38:00,34.4,98,Moderate
1,2023-01-31 02:39:30,126.8,188,Unhealthy
1,2023-01-31 02:40:00,416.6,433,Extremely hazardous
1,2023-01-31 02:40:30,174.1,224,Very unhealthy 
1,2023-01-31 02:41:30,321.1,371,Hazardous
1,2023-01-31 02:42:00,273.4,323,Hazardous
1,2023-01-31 02:42:30,200.1,250,Very unhealthy 
1,2023-01-31 02:43:00,367.6,409,Extremely hazardous
1,2023-01-31 02:43:30,511.4,480,Extremely hazardous
1,2023-01-31 02:44:00,195.7,245,Very unhealthy 
1,2023-01-31 02:45:00,487.2,468,Extremely hazardous
1,2023-01-31 02:45:30,160.2,210,Very unhealthy 
1,2023-01-31 02:46:00,35.4,100,Moderate
1,2023-01-31 02:47:00,193.9,243,Very unhealthy 
1,2023-01-31 02:47:30,550.5,243,Very unhealthy 
1,2023-01-31 02:48:00,235.0,284,Very unhealthy 
1,2023-01-31 02:49:30,103.2,175,Unhealthy
1,2023-01-31 02:50:00,198.5,248,Very unhealthy 
1,2023-01-31 02:50:30,279.2,329,Hazardous
1,2023-01-31 02:51:00,484.6,467,Extremely hazardous
1,2023-01-31 02:51:30,544.4,497,Extremely hazardous
1,2023-01-31 02:52:00,520.3,485,Extremely hazardous
1,2023-01-31 02:52:30,72.6,159,Unhealthy
1,2023-01-31 02:53:30,498.1,474,Extremely hazardous
1,2023-01-31 02:54:00,239.4,289,Very unhealthy 
1,2023-01-31 02:54:30,134.3,191,Unhealthy
1,2023-01-31 02:55:00,229.0,278,Very unhealthy 
1,2023-01-31 02:56:30,425.8,438,Extremely hazardous
1,2023-01-31 02:57:30,280.5,330,Hazardous
1,2023-01-31 02:58:00,106.9,177,Unhealthy
1,2023-01-31 02:58:30,508.0,479,Extremely hazardous
1,2023-01-31 02:59:30,331.6,381,Hazardous
1,2023-01-31 03:00:30,516.4,483,Extremely hazardous
1,2023-01-31 03:01:00,237.3,287,Very unhealthy 
1,2023-01-31 03:02:30,114.2,181,Unhealthy
1,2023-01-31 03:03:30,57.3,151,Unhealthy
1,2023-01-31 03:04:30,379.2,414,Extremely hazardous
1,2023-01-31 03:08:00,405.1,427,Extremely hazardous
1,2023-01-31 03:09:30,362.3,406,Extremely hazardous
1,2023-01-31 03:10:00,455.3,452,Extremely hazardous
1,2023-01-31 03:10:30,462.3,456,Extremely hazardous
1,2023-01-31 03:11:30,110.9,179,Unhealthy
1,2023-01-31 03:12:30,135.0,192,Unhealthy
1,2023-01-31 03:13:30,164.4,214,Very unhealthy 
1,2023-01-31 03:14:00,265.4,315,Hazardous
1,2023-01-31 03:14:30,146.2,198,Unhealthy
1,2023-01-31 03:15:00,255.9,305,Hazardous
1,2023-01-31 03:17:00,238.1,288,Very unhealthy 
1,2023-01-31 03:18:00,90.9,169,Unhealthy
1,2023-01-31 03:19:00,174.0,224,Very unhealthy 
1,2023-01-31 03:20:00,216.5,266,Very unhealthy 
1,2023-01-31 03:20:30,86.9,167,Unhealthy
1,2023-01-31 03:23:00,524.6,487,Extremely hazardous
1,2023-01-31 03:23:30,368.8,409,Extremely hazardous
1,2023-01-31 03:24:00,133.5,191,Unhealthy
1,2023-01-31 03:25:00,185.7,235,Very unhealthy 
1,2023-01-31 03:25:30,192.9,242,Very unhealthy 
1,2023-01-31 03:26:00,521.4,485,Extremely hazardous
1,2023-01-31 03:28:30,415.1,432,Extremely hazardous
1,2023-01-31 03:30:00,139.0,194,Unhealthy
1,2023-01-31 03:31:00,306.5,356,Hazardous
1,2023-01-31 03:31:30,93.9,170,Unhealthy
1,2023-01-31 03:32:00,319.3,369,Hazardous
1,2023-01-31 03:34:30,119.1,183,Unhealthy
1,2023-01-31 03:36:00,405.1,427,Extremely hazardous
1,2023-01-31 03:37:30,286.2,336,Hazardous
1,2023-01-31 03:39:00,518.8,484,Extremely hazardous
1,2023-01-31 03:39:30,238.0,288,Very unhealthy 
1,2023-01-31 03:40:00,478.3,464,Extremely hazardous
1,2023-01-31 03:40:30,408.2,429,Extremely hazardous
1,2023-01-31 03:42:30,195.5,245,Very unhealthy 
1,2023-01-31 03:43:00,302.8,352,Hazardous
1,2023-01-31 03:44:00,18.2,63,Moderate
1,2023-01-31 03:44:30,416.4,433,Extremely hazardous
1,2023-01-31 03:45:00,62.2,154,Unhealthy
1,2023-01-31 03:45:30,372.4,411,Extremely hazardous
1,2023-01-31 03:47:00,148.3,199,Unhealthy
1,2023-01-31 03:48:30,81.7,164,Unhealthy
1,2023-01-31 03:49:00,472.6,461,Extremely hazardous
1,2023-01-31 03:51:30,361.8,406,Extremely hazardous
1,2023-01-31 03:52:00,141.7,195,Unhealthy
1,2023-01-31 03:52:30,86.4,166,Unhealthy
1,2023-01-31 03:53:00,178.0,228,Very unhealthy 
1,2023-01-31 03:53:30,338.3,388,Hazardous
1,2023-01-31 03:54:30,18.7,64,Moderate
1,2023-01-31 03:56:30,70.4,158,Unhealthy
1,2023-01-31 03:57:00,436.6,443,Extremely hazardous
1,2023-01-31 03:57:30,169.3,219,Very unhealthy 
1,2023-01-31 03:59:00,183.3,233,Very unhealthy 
1,2023-01-31 03:59:30,262.4,312,Hazardous
1,2023-01-31 04:00:00,465.5,458,Extremely hazardous
1,2023-01-31 04:01:00,253.6,303,Hazardous
1,2023-01-31 04:01:30,218.4,268,Very unhealthy 
1,2023-01-31 04:02:00,201.4,251,Very unhealthy 
1,2023-01-31 04:02:30,476.4,463,Extremely hazardous
1,2023-01-31 04:03:00,80.2,163,Unhealthy
1,2023-01-31 04:04:30,327.4,377,Hazardous
1,2023-01-31 04:05:00,508.1,479,Extremely hazardous
1,2023-01-31 04:05:30,546.9,498,Extremely hazardous
1,2023-01-31 04:06:30,235.3,285,Very unhealthy 
1,2023-01-31 04:07:00,185.3,235,Very unhealthy 
1,2023-01-31 04:07:30,383.7,417,Extremely hazardous
1,2023-01-31 04:08:00,377.3,413,Extremely hazardous
1,2023-01-31 04:09:30,106.5,177,Unhealthy
1,2023-01-31 04:10:00,71.9,159,Unhealthy
1,2023-01-31 04:10:30,502.1,476,Extremely hazardous
1,2023-01-31 04:11:00,231.5,281,Very unhealthy 
1,2023-01-31 04:11:30,403.4,426,Extremely hazardous
1,2023-01-31 04:14:00,95.1,171,Unhealthy
1,2023-01-31 04:15:30,137.8,193,Unhealthy
1,2023-01-31 04:16:30,405.3,427,Extremely hazardous
1,2023-01-31 04:17:00,453.7,452,Extremely hazardous
1,2023-01-31 04:18:00,508.5,479,Extremely hazardous
1,2023-01-31 04:18:30,69.3,157,Unhealthy
1,2023-01-31 04:19:00,544.5,497,Extremely hazardous
1,2023-01-31 04:19:30,226.4,276,Very unhealthy 
1,2023-01-31 04:20:00,420.5,435,Extremely hazardous
1,2023-01-31 04:20:30,270.2,320,Hazardous
1,2023-01-31 04:21:00,417.8,434,Extremely hazardous
1,2023-01-31 04:21:30,313.0,362,Hazardous
1,2023-01-31 04:22:00,349.8,399,Hazardous
1,2023-01-31 04:23:00,230.5,280,Very unhealthy 
1,2023-01-31 04:23:30,89.9,168,Unhealthy
1,2023-01-31 04:24:00,291.6,341,Hazardous
1,2023-01-31 04:24:30,386.4,418,Extremely hazardous
1,2023-01-31 04:25:00,449.3,449,Extremely hazardous
1,2023-01-31 04:25:30,502.3,476,Extremely hazardous
1,2023-01-31 04:26:00,62.1,153,Unhealthy
1,2023-01-31 04:26:30,439.2,444,Extremely hazardous
1,2023-01-31 04:27:00,103.3,175,Unhealthy
1,2023-01-31 04:28:00,254.7,304,Hazardous
1,2023-01-31 04:29:00,500.5,475,Extremely hazardous
1,2023-01-31 04:30:00,41.9,116,Slightly unhealthy
1,2023-01-31 04:30:30,178.6,228,Very unhealthy 
1,2023-01-31 04:31:00,386.6,418,Extremely hazardous
1,2023-01-31 04:32:30,478.0,464,Extremely hazardous
1,2023-01-31 04:34:30,343.4,393,Hazardous
1,2023-01-31 04:35:30,28.3,85,Moderate
1,2023-01-31 04:36:00,293.1,343,Hazardous
1,2023-01-31 04:36:30,126.9,188,Unhealthy
1,2023-01-31 04:37:00,329.8,379,Hazardous
1,2023-01-31 04:37:30,451.9,451,Extremely hazardous
1,2023-01-31 04:38:30,408.1,429,Extremely hazardous
1,2023-01-31 04:39:00,508.0,479,Extremely hazardous
1,2023-01-31 04:40:00,251.5,301,Hazardous
1,2023-01-31 04:40:30,531.3,490,Extremely hazardous
1,2023-01-31 04:41:30,148.9,199,Unhealthy
1,2023-01-31 04:42:30,444.2,447,Extremely hazardous
1,2023-01-31 04:43:00,527.0,488,Extremely hazardous
1,2023-01-31 04:44:30,500.9,475,Extremely hazardous
1,2023-01-31 04:45:00,325.5,375,Hazardous
1,2023-01-31 04:46:00,214.3,264,Very unhealthy 
1,2023-01-31 04:47:30,390.1,420,Extremely hazardous
1,2023-01-31 04:48:30,13.6,53,Moderate
1,2023-01-31 04:49:30,87.7,167,Unhealthy
1,2023-01-31 04:50:00,386.0,418,Extremely hazardous
1,2023-01-31 04:50:30,414.1,432,Extremely hazardous
1,2023-01-31 04:51:30,355.5,402,Extremely hazardous
1,2023-01-31 04:52:00,471.7,461,Extremely hazardous
1,2023-01-31 04:52:30,259.9,309,Hazardous
1,2023-01-31 04:53:30,487.3,468,Extremely hazardous
1,2023-01-31 04:54:00,338.6,388,Hazardous
1,2023-01-31 04:54:30,157.4,207,Very unhealthy 
1,2023-01-31 04:55:30,366.1,408,Extremely hazardous
1,2023-01-31 04:57:00,436.4,443,Extremely hazardous
1,2023-01-31 04:57:30,80.7,163,Unhealthy
1,2023-01-31 04:58:30,512.5,481,Extremely hazardous
1,2023-01-31 04:59:30,228.7,278,Very unhealthy 
1,2023-01-31 05:00:00,73.0,159,Unhealthy
1,2023-01-31 05:02:00,294.5,344,Hazardous
1,2023-01-31 05:03:00,258.3,308,Hazardous
1,2023-01-31 05:03:30,394.6,422,Extremely hazardous
1,2023-01-31 05:04:00,535.7,493,Extremely hazardous
1,2023-01-31 05:04:30,61.4,153,Unhealthy
1,2023-01-31 05:05:00,127.0,188,Unhealthy
1,2023-01-31 05:05:30,490.9,470,Extremely hazardous
1,2023-01-31 05:06:00,97.4,172,Unhealthy
1,2023-01-31 05:06:30,478.2,464,Extremely hazardous
1,2023-01-31 05:07:30,205.0,254,Very unhealthy 
1,2023-01-31 05:09:30,412.7,431,Extremely hazardous
1,2023-01-31 05:10:00,327.8,377,Hazardous
1,2023-01-31 05:11:00,48.4,132,Slightly unhealthy
1,2023-01-31 05:12:00,325.8,375,Hazardous
1,2023-01-31 05:13:00,157.3,207,Very unhealthy 
1,2023-01-31 05:13:30,544.3,497,Extremely hazardous
1,2023-01-31 05:14:30,40.6,113,Slightly unhealthy
1,2023-01-31 05:15:00,412.2,431,Extremely hazardous
1,2023-01-31 05:15:30,198.1,248,Very unhealthy 
1,2023-01-31 05:16:00,532.9,491,Extremely hazardous
1,2023-01-31 05:16:30,414.2,432,Extremely hazardous
1,2023-01-31 05:18:00,203.2,253,Very unhealthy 
1,2023-01-31 05:19:00,277.8,327,Hazardous
1,2023-01-31 05:19:30,358.1,404,Extremely hazardous
1,2023-01-31 05:21:00,356.0,403,Extremely hazardous
1,2023-01-31 05:22:30,311.4,361,Hazardous
1,2023-01-31 05:23:30,168.7,218,Very unhealthy 
1,2023-01-31 05:24:00,14.0,54,Moderate
1,2023-01-31 05:26:00,157.7,207,Very unhealthy 
1,2023-01-31 05:27:00,186.6,236,Very unhealthy 
1,2023-01-31 05:27:30,182.6,232,Very unhealthy 
1,2023-01-31 05:28:30,395.6,423,Extremely hazardous
1,2023-01-31 05:29:00,429.6,440,Extremely hazardous
1,2023-01-31 05:30:00,135.0,192,Unhealthy
1,2023-01-31 05:30:30,215.5,265,Very unhealthy 
1,2023-01-31 05:31:30,435.8,443,Extremely hazardous
1,2023-01-31 05:32:00,530.0,490,Extremely hazardous
1,2023-01-31 05:32:30,318.6,368,Hazardous
1,2023-01-31 05:33:00,184.3,234,Very unhealthy 
1,2023-01-31 05:33:30,225.1,275,Very unhealthy 
1,2023-01-31 05:34:30,272.8,322,Hazardous
1,2023-01-31 05:35:00,528.3,489,Extremely hazardous
1,2023-01-31 05:36:00,237.1,287,Very unhealthy 
1,2023-01-31 05:38:30,69.9,158,Unhealthy
1,2023-01-31 05:41:00,69.1,157,Unhealthy
1,2023-01-31 05:41:30,417.4,433,Extremely hazardous
1,2023-01-31 05:42:30,192.3,242,Very unhealthy 
1,2023-01-31 05:46:00,68.0,157,Unhealthy
1,2023-01-31 05:46:30,343.0,392,Hazardous
1,2023-01-31 05:47:00,10.2,42,Good
1,2023-01-31 05:47:30,121.3,185,Unhealthy
1,2023-01-31 05:49:30,457.5,454,Extremely hazardous
1,2023-01-31 05:50:00,55.9,150,Unhealthy
1,2023-01-31 05:51:00,507.3,478,Extremely hazardous
1,2023-01-31 05:51:30,376.7,413,Extremely hazardous
1,2023-01-31 05:52:00,61.8,153,Unhealthy
1,2023-01-31 05:52:30,516.0,483,Extremely hazardous
1,2023-01-31 05:53:00,150.9,200,Very unhealthy 
1,2023-01-31 05:54:00,465.6,458,Extremely hazardous
1,2023-01-31 05:54:30,134.3,191,Unhealthy
1,2023-01-31 05:55:30,121.1,185,Unhealthy
1,2023-01-31 05:58:30,237.3,287,Very unhealthy 
1,2023-01-31 06:00:00,372.0,411,Extremely hazardous
1,2023-01-31 06:01:00,449.6,450,Extremely hazardous
1,2023-01-31 06:01:30,274.6,324,Hazardous
1,2023-01-31 06:02:30,450.1,450,Extremely hazardous
1,2023-01-31 06:03:30,60.5,153,Unhealthy
1,2023-01-31 06:05:00,523.9,487,Extremely hazardous
1,2023-01-31 06:06:00,273.7,323,Hazardous
1,2023-01-31 06:07:30,82.2,164,Unhealthy
1,2023-01-31 06:08:00,475.7,463,Extremely hazardous
1,2023-01-31 06:09:00,213.6,263,Very unhealthy 
1,2023-01-31 06:09:30,326.5,376,Hazardous
1,2023-01-31 06:10:00,260.6,310,Hazardous
1,2023-01-31 06:10:30,283.8,333,Hazardous
1,2023-01-31 06:11:30,384.4,417,Extremely hazardous
1,2023-01-31 06:12:00,197.4,247,Very unhealthy 
1,2023-01-31 06:13:00,270.3,320,Hazardous
1,2023-01-31 06:13:30,118.3,183,Unhealthy
1,2023-01-31 06:14:00,380.1,415,Extremely hazardous
1,2023-01-31 06:14:30,250.8,300,Hazardous
1,2023-01-31 06:15:00,341.3,391,Hazardous
1,2023-01-31 06:16:00,497.9,474,Extremely hazardous
1,2023-01-31 06:16:30,116.8,182,Unhealthy
1,2023-01-31 06:17:30,148.5,199,Unhealthy
1,2023-01-31 06:18:00,10.7,45,Good
1,2023-01-31 06:18:30,252.1,302,Hazardous
1,2023-01-31 06:19:00,520.3,485,Extremely hazardous
1,2023-01-31 06:19:30,473.8,462,Extremely hazardous
1,2023-01-31 06:20:30,417.2,433,Extremely hazardous
1,2023-01-31 06:22:00,26.9,82,Moderate
1,2023-01-31 06:23:00,241.8,291,Very unhealthy 
1,2023-01-31 06:23:30,90.8,169,Unhealthy
1,2023-01-31 06:25:00,334.9,384,Hazardous
1,2023-01-31 06:25:30,277.5,327,Hazardous
1,2023-01-31 06:27:00,393.4,421,Extremely hazardous
1,2023-01-31 06:27:30,459.8,455,Extremely hazardous
1,2023-01-31 06:28:00,278.5,328,Hazardous
1,2023-01-31 06:28:30,301.9,351,Hazardous
1,2023-01-31 06:29:00,291.5,341,Hazardous
1,2023-01-31 06:31:00,301.5,351,Hazardous
1,2023-01-31 06:31:30,91.0,169,Unhealthy
1,2023-01-31 06:33:00,301.3,351,Hazardous
1,2023-01-31 06:34:30,518.0,484,Extremely hazardous
1,2023-01-31 06:35:00,499.6,475,Extremely hazardous
1,2023-01-31 06:35:30,65.5,155,Unhealthy
1,2023-01-31 06:36:00,259.3,309,Hazardous
1,2023-01-31 06:36:30,221.5,271,Very unhealthy 
1,2023-01-31 06:37:30,147.6,198,Unhealthy
1,2023-01-31 06:38:00,332.7,382,Hazardous
1,2023-01-31 06:38:30,341.3,391,Hazardous
1,2023-01-31 06:40:30,66.3,156,Unhealthy
1,2023-01-31 06:41:00,80.4,163,Unhealthy
1,2023-01-31 06:41:30,184.4,234,Very unhealthy 
1,2023-01-31 06:42:00,457.9,454,Extremely hazardous
1,2023-01-31 06:43:00,510.1,480,Extremely hazardous
1,2023-01-31 06:43:30,39.0,109,Slightly unhealthy
1,2023-01-31 06:44:00,294.5,344,Hazardous
1,2023-01-31 06:45:00,410.8,430,Extremely hazardous
1,2023-01-31 06:45:30,141.7,195,Unhealthy
1,2023-01-31 06:47:30,348.0,398,Hazardous
1,2023-01-31 06:49:00,278.0,328,Hazardous
1,2023-01-31 06:50:30,361.9,406,Extremely hazardous
1,2023-01-31 06:51:00,396.3,423,Extremely hazardous
1,2023-01-31 06:51:30,76.7,161,Unhealthy
1,2023-01-31 06:52:30,159.3,209,Very unhealthy 
1,2023-01-31 06:53:00,288.8,338,Hazardous
1,2023-01-31 06:53:30,120.9,184,Unhealthy
1,2023-01-31 06:54:30,168.0,218,Very unhealthy 
1,2023-01-31 06:55:00,329.8,379,Hazardous
1,2023-01-31 06:55:30,392.1,421,Extremely hazardous
1,2023-01-31 06:57:30,238.2,288,Very unhealthy 
1,2023-01-31 06:58:00,180.3,230,Very unhealthy 
1,2023-01-31 06:59:00,284.6,334,Hazardous
1,2023-01-31 06:59:30,211.5,261,Very unhealthy 
1,2023-01-31 07:01:00,215.2,265,Very unhealthy 
1,2023-01-31 07:01:30,266.5,316,Hazardous
1,2023-01-31 07:02:00,194.7,244,Very unhealthy 
1,2023-01-31 07:02:30,13.5,53,Moderate
1,2023-01-31 07:03:00,309.4,359,Hazardous
1,2023-01-31 07:03:30,118.2,183,Unhealthy
1,2023-01-31 07:04:00,534.1,492,Extremely hazardous
1,2023-01-31 07:04:30,29.1,86,Moderate
1,2023-01-31 07:05:00,540.1,495,Extremely hazardous
1,2023-01-31 07:05:30,439.6,445,Extremely hazardous
1,2023-01-31 07:06:30,194.5,244,Very unhealthy 
1,2023-01-31 07:07:30,384.5,417,Extremely hazardous
1,2023-01-31 07:08:00,385.2,417,Extremely hazardous
1,2023-01-31 07:09:30,400.4,425,Extremely hazardous
1,2023-01-31 07:10:30,44.0,121,Slightly unhealthy
1,2023-01-31 07:11:00,403.4,426,Extremely hazardous
1,2023-01-31 07:12:30,228.9,278,Very unhealthy 
1,2023-01-31 07:13:00,531.2,490,Extremely hazardous
1,2023-01-31 07:14:00,451.1,450,Extremely hazardous
1,2023-01-31 07:14:30,7.4,31,Good
1,2023-01-31 07:15:00,495.8,473,Extremely hazardous
1,2023-01-31 07:15:30,502.3,476,Extremely hazardous
1,2023-01-31 07:16:30,492.6,471,Extremely hazardous
1,2023-01-31 07:18:00,87.4,167,Unhealthy
1,2023-01-31 07:18:30,342.1,392,Hazardous
1,2023-01-31 07:19:00,129.2,189,Unhealthy
1,2023-01-31 07:19:30,395.0,422,Extremely hazardous
1,2023-01-31 07:20:00,424.0,437,Extremely hazardous
1,2023-01-31 07:20:30,119.4,184,Unhealthy
1,2023-01-31 07:21:30,327.4,377,Hazardous
1,2023-01-31 07:22:30,115.7,182,Unhealthy
1,2023-01-31 07:23:00,153.3,203,Very unhealthy 
1,2023-01-31 07:24:30,401.9,426,Extremely hazardous
1,2023-01-31 07:25:30,353.0,401,Extremely hazardous
1,2023-01-31 07:26:00,16.2,59,Moderate
1,2023-01-31 07:30:30,110.1,179,Unhealthy
1,2023-01-31 07:31:00,462.6,456,Extremely hazardous
1,2023-01-31 07:31:30,474.9,462,Extremely hazardous
1,2023-01-31 07:32:00,127.7,188,Unhealthy
1,2023-01-31 07:32:30,461.1,455,Extremely hazardous
1,2023-01-31 07:33:00,479.7,465,Extremely hazardous
1,2023-01-31 07:33:30,302.1,352,Hazardous
1,2023-01-31 07:35:00,97.5,172,Unhealthy
1,2023-01-31 07:36:30,460.5,455,Extremely hazardous
1,2023-01-31 07:37:00,505.5,478,Extremely hazardous
1,2023-01-31 07:37:30,135.0,192,Unhealthy
1,2023-01-31 07:38:00,366.0,408,Extremely hazardous
1,2023-01-31 07:38:30,242.7,292,Very unhealthy 
1,2023-01-31 07:40:30,212.2,262,Very unhealthy 
1,2023-01-31 07:41:00,540.3,495,Extremely hazardous
1,2023-01-31 07:42:00,501.8,476,Extremely hazardous
1,2023-01-31 07:42:30,31.2,91,Moderate
1,2023-01-31 07:43:00,236.8,286,Very unhealthy 
1,2023-01-31 07:44:00,100.4,174,Unhealthy
1,2023-01-31 07:46:00,19.5,66,Moderate
1,2023-01-31 07:46:30,67.9,157,Unhealthy
1,2023-01-31 07:47:30,322.0,372,Hazardous
1,2023-01-31 07:48:00,117.1,182,Unhealthy
1,2023-01-31 07:50:00,103.2,175,Unhealthy
1,2023-01-31 07:51:00,19.6,66,Moderate
1,2023-01-31 07:52:00,80.9,163,Unhealthy
1,2023-01-31 07:52:30,220.6,270,Very unhealthy 
1,2023-01-31 07:53:30,481.2,465,Extremely hazardous
1,2023-01-31 07:54:00,294.0,344,Hazardous
1,2023-01-31 07:56:00,374.2,412,Extremely hazardous
1,2023-01-31 07:57:30,298.5,348,Hazardous
1,2023-01-31 08:01:00,141.3,195,Unhealthy
1,2023-01-31 08:01:30,272.1,322,Hazardous
1,2023-01-31 08:03:00,332.4,382,Hazardous
1,2023-01-31 08:04:00,102.3,175,Unhealthy
1,2023-01-31 08:04:30,299.6,349,Hazardous
1,2023-01-31 08:05:30,486.5,468,Extremely hazardous
1,2023-01-31 08:06:00,315.7,365,Hazardous
1,2023-01-31 08:07:30,18.9,65,Moderate
1,2023-01-31 08:10:00,189.7,239,Very unhealthy 
1,2023-01-31 08:10:30,402.4,426,Extremely hazardous
1,2023-01-31 08:12:00,366.1,408,Extremely hazardous
1,2023-01-31 08:12:30,459.5,454,Extremely hazardous
1,2023-01-31 08:13:00,140.6,195,Unhealthy
1,2023-01-31 08:14:30,36.4,102,Slightly unhealthy
1,2023-01-31 08:15:00,226.2,276,Very unhealthy 
1,2023-01-31 08:16:30,436.4,443,Extremely hazardous
1,2023-01-31 08:17:00,285.8,335,Hazardous
1,2023-01-31 08:17:30,127.6,188,Unhealthy
1,2023-01-31 08:18:00,480.8,465,Extremely hazardous
1,2023-01-31 08:19:00,61.4,153,Unhealthy
1,2023-01-31 08:19:30,473.7,462,Extremely hazardous
1,2023-01-31 08:20:00,172.7,222,Very unhealthy 
1,2023-01-31 08:20:30,57.2,151,Unhealthy
1,2023-01-31 08:21:00,201.0,250,Very unhealthy 
1,2023-01-31 08:21:30,366.3,408,Extremely hazardous
1,2023-01-31 08:22:00,179.7,229,Very unhealthy 
1,2023-01-31 08:23:30,79.5,163,Unhealthy
1,2023-01-31 08:24:00,88.0,167,Unhealthy
1,2023-01-31 08:24:30,5.6,23,Good
1,2023-01-31 08:25:30,257.5,307,Hazardous
1,2023-01-31 08:26:00,304.6,354,Hazardous
1,2023-01-31 08:26:30,17.1,61,Moderate
1,2023-01-31 08:27:30,354.8,402,Extremely hazardous
1,2023-01-31 08:28:00,314.8,364,Hazardous
1,2023-01-31 08:28:30,5.9,25,Good
1,2023-01-31 08:29:30,533.5,492,Extremely hazardous
1,2023-01-31 08:30:00,160.3,210,Very unhealthy 
1,2023-01-31 08:31:30,102.6,175,Unhealthy
1,2023-01-31 08:32:00,162.1,212,Very unhealthy 
1,2023-01-31 08:33:00,257.7,307,Hazardous
1,2023-01-31 08:33:30,492.4,471,Extremely hazardous
1,2023-01-31 08:34:00,403.3,426,Extremely hazardous
1,2023-01-31 08:34:30,28.3,85,Moderate
1,2023-01-31 08:35:00,238.7,288,Very unhealthy 
1,2023-01-31 08:36:00,505.6,478,Extremely hazardous
1,2023-01-31 08:37:30,72.7,159,Unhealthy
1,2023-01-31 08:38:00,279.3,329,Hazardous
1,2023-01-31 08:38:30,180.0,230,Very unhealthy 
1,2023-01-31 08:39:00,529.9,490,Extremely hazardous
1,2023-01-31 08:40:00,161.0,210,Very unhealthy 
1,2023-01-31 08:44:30,35.1,99,Moderate
1,2023-01-31 08:45:00,171.3,221,Very unhealthy 
1,2023-01-31 08:46:30,155.9,205,Very unhealthy 
1,2023-01-31 08:47:30,71.8,159,Unhealthy
1,2023-01-31 08:48:00,251.9,301,Hazardous
1,2023-01-31 08:48:30,380.3,415,Extremely hazardous
1,2023-01-31 08:49:00,252.2,302,Hazardous
1,2023-01-31 08:49:30,259.9,309,Hazardous
1,2023-01-31 08:50:00,160.1,210,Very unhealthy 
1,2023-01-31 08:51:00,304.3,354,Hazardous
1,2023-01-31 08:51:30,301.2,351,Hazardous
1,2023-01-31 08:54:00,292.3,342,Hazardous
1,2023-01-31 08:54:30,17.0,61,Moderate
1,2023-01-31 08:55:00,27.4,83,Moderate
1,2023-01-31 08:56:00,96.0,171,Unhealthy
1,2023-01-31 08:57:00,69.3,157,Unhealthy
1,2023-01-31 08:59:00,541.7,496,Extremely hazardous
1,2023-01-31 08:59:30,108.3,178,Unhealthy
1,2023-01-31 09:00:00,125.7,187,Unhealthy
1,2023-01-31 09:00:30,398.1,424,Extremely hazardous
1,2023-01-31 09:01:00,34.7,98,Moderate
1,2023-01-31 09:01:30,511.1,480,Extremely hazardous
1,2023-01-31 09:02:00,203.9,253,Very unhealthy 
1,2023-01-31 09:03:30,240.1,290,Very unhealthy 
1,2023-01-31 09:04:00,89.8,168,Unhealthy
1,2023-01-31 09:06:00,299.3,349,Hazardous
1,2023-01-31 09:07:00,192.6,242,Very unhealthy 
1,2023-01-31 09:07:30,537.6,494,Extremely hazardous
1,2023-01-31 09:08:00,523.5,486,Extremely hazardous
1,2023-01-31 09:08:30,310.0,360,Hazardous
1,2023-01-31 09:09:30,50.2,137,Slightly unhealthy
1,2023-01-31 09:10:30,56.2,150,Unhealthy
1,2023-01-31 09:11:00,168.3,218,Very unhealthy 
1,2023-01-31 09:11:30,133.4,191,Unhealthy
1,2023-01-31 09:13:00,247.9,297,Very unhealthy 
1,2023-01-31 09:13:30,410.4,430,Extremely hazardous
1,2023-01-31 09:14:00,59.8,152,Unhealthy
1,2023-01-31 09:14:30,193.9,243,Very unhealthy 
1,2023-01-31 09:16:30,322.7,372,Hazardous
1,2023-01-31 09:17:00,345.6,395,Hazardous
1,2023-01-31 09:17:30,118.6,183,Unhealthy
1,2023-01-31 09:18:00,408.8,429,Extremely hazardous
1,2023-01-31 09:20:00,264.7,314,Hazardous
1,2023-01-31 09:20:30,467.3,458,Extremely hazardous
1,2023-01-31 09:22:00,260.6,310,Hazardous
1,2023-01-31 09:22:30,235.0,284,Very unhealthy 
1,2023-01-31 09:23:00,230.7,280,Very unhealthy 
1,2023-01-31 09:24:00,349.8,399,Hazardous
1,2023-01-31 09:26:00,24.3,76,Moderate
1,2023-01-31 09:27:00,388.1,419,Extremely hazardous
1,2023-01-31 09:28:00,22.6,73,Moderate
1,2023-01-31 09:28:30,103.1,175,Unhealthy
1,2023-01-31 09:30:00,33.7,96,Moderate
1,2023-01-31 09:31:00,146.1,198,Unhealthy
1,2023-01-31 09:31:30,36.3,102,Slightly unhealthy
1,2023-01-31 09:33:00,409.2,429,Extremely hazardous
1,2023-01-31 09:33:30,116.3,182,Unhealthy
1,2023-01-31 09:34:00,498.5,474,Extremely hazardous
1,2023-01-31 09:35:00,464.1,457,Extremely hazardous
1,2023-01-31 09:36:30,424.2,437,Extremely hazardous
1,2023-01-31 09:37:00,179.0,228,Very unhealthy 
1,2023-01-31 09:37:30,389.6,420,Extremely hazardous
1,2023-01-31 09:38:30,38.0,106,Slightly unhealthy
1,2023-01-31 09:39:00,254.9,304,Hazardous
1,2023-01-31 09:39:30,54.7,148,Slightly unhealthy
1,2023-01-31 09:42:00,256.3,306,Hazardous
1,2023-01-31 09:42:30,133.7,191,Unhealthy
1,2023-01-31 09:43:30,124.7,186,Unhealthy
1,2023-01-31 09:44:00,441.5,446,Extremely hazardous
1,2023-01-31 09:45:00,129.2,189,Unhealthy
1,2023-01-31 09:45:30,493.9,472,Extremely hazardous
1,2023-01-31 09:47:00,372.0,411,Extremely hazardous
1,2023-01-31 09:47:30,166.5,216,Very unhealthy 
1,2023-01-31 09:50:30,11.6,48,Good
1,2023-01-31 09:51:30,55.7,150,Unhealthy
1,2023-01-31 09:53:30,437.7,444,Extremely hazardous
1,2023-01-31 09:55:00,505.3,477,Extremely hazardous
1,2023-01-31 09:56:30,184.7,234,Very unhealthy 
1,2023-01-31 09:57:30,268.1,318,Hazardous
1,2023-01-31 09:58:30,127.2,188,Unhealthy
1,2023-01-31 09:59:00,328.8,378,Hazardous
1,2023-01-31 09:59:30,309.0,358,Hazardous
1,2023-01-31 10:00:00,104.8,176,Unhealthy
1,2023-01-31 10:01:00,329.4,379,Hazardous
1,2023-01-31 10:01:30,223.7,273,Very unhealthy 
1,2023-01-31 10:02:00,146.6,198,Unhealthy
1,2023-01-31 10:02:30,373.0,411,Extremely hazardous
1,2023-01-31 10:03:00,505.6,478,Extremely hazardous
1,2023-01-31 10:03:30,335.6,385,Hazardous
1,2023-01-31 10:04:00,454.6,452,Extremely hazardous
1,2023-01-31 10:04:30,495.4,472,Extremely hazardous
1,2023-01-31 10:05:00,48.9,134,Slightly unhealthy
1,2023-01-31 10:06:00,169.5,219,Very unhealthy 
1,2023-01-31 10:07:00,112.3,180,Unhealthy
1,2023-01-31 10:07:30,333.1,383,Hazardous
1,2023-01-31 10:08:00,524.7,487,Extremely hazardous
1,2023-01-31 10:08:30,325.3,375,Hazardous
1,2023-01-31 10:10:00,164.3,214,Very unhealthy 
1,2023-01-31 10:10:30,384.5,417,Extremely hazardous
1,2023-01-31 10:13:00,223.0,272,Very unhealthy 
1,2023-01-31 10:13:30,353.4,401,Extremely hazardous
1,2023-01-31 10:14:00,494.1,472,Extremely hazardous
1,2023-01-31 10:14:30,51.8,141,Slightly unhealthy
1,2023-01-31 10:15:00,431.5,440,Extremely hazardous
1,2023-01-31 10:16:00,235.7,285,Very unhealthy 
1,2023-01-31 10:18:00,479.0,464,Extremely hazardous
1,2023-01-31 10:19:00,184.1,234,Very unhealthy 
1,2023-01-31 10:21:30,490.4,470,Extremely hazardous
1,2023-01-31 10:22:00,180.6,230,Very unhealthy 
1,2023-01-31 10:22:30,284.4,334,Hazardous
1,2023-01-31 10:23:30,119.7,184,Unhealthy
1,2023-01-31 10:25:30,297.0,346,Hazardous
1,2023-01-31 10:26:00,359.0,404,Extremely hazardous
1,2023-01-31 10:26:30,59.1,152,Unhealthy
1,2023-01-31 10:27:00,465.6,458,Extremely hazardous
1,2023-01-31 10:27:30,57.0,151,Unhealthy
1,2023-01-31 10:28:00,386.9,418,Extremely hazardous
1,2023-01-31 10:29:00,310.8,360,Hazardous
1,2023-01-31 10:29:30,466.8,458,Extremely hazardous
1,2023-01-31 10:30:30,127.7,188,Unhealthy
1,2023-01-31 10:31:00,516.0,483,Extremely hazardous
1,2023-01-31 10:32:00,333.0,382,Hazardous
1,2023-01-31 10:32:30,344.6,394,Hazardous
1,2023-01-31 10:33:30,368.9,409,Extremely hazardous
1,2023-01-31 10:35:00,224.2,274,Very unhealthy 
1,2023-01-31 10:35:30,357.9,404,Extremely hazardous
1,2023-01-31 10:36:00,10.0,42,Good
1,2023-01-31 10:36:30,338.0,388,Hazardous
1,2023-01-31 10:37:00,53.0,144,Slightly unhealthy
1,2023-01-31 10:37:30,466.8,458,Extremely hazardous
1,2023-01-31 10:40:00,424.0,437,Extremely hazardous
1,2023-01-31 10:41:00,456.5,453,Extremely hazardous
1,2023-01-31 10:42:00,317.0,366,Hazardous
1,2023-01-31 10:43:30,23.1,74,Moderate
1,2023-01-31 10:44:30,95.6,171,Unhealthy
1,2023-01-31 10:45:00,515.1,482,Extremely hazardous
1,2023-01-31 10:45:30,110.9,179,Unhealthy
1,2023-01-31 10:47:00,435.0,442,Extremely hazardous
1,2023-01-31 10:47:30,72.2,159,Unhealthy
1,2023-01-31 10:49:30,242.4,292,Very unhealthy 
1,2023-01-31 10:50:00,467.9,459,Extremely hazardous
1,2023-01-31 10:51:30,29.4,87,Moderate
1,2023-01-31 10:52:00,436.6,443,Extremely hazardous
1,2023-01-31 10:53:30,144.1,197,Unhealthy
1,2023-01-31 10:54:00,495.2,472,Extremely hazardous
1,2023-01-31 10:54:30,546.9,498,Extremely hazardous
1,2023-01-31 10:55:00,378.1,414,Extremely hazardous
1,2023-01-31 10:56:00,449.4,449,Extremely hazardous
1,2023-01-31 10:56:30,392.9,421,Extremely hazardous
1,2023-01-31 10:57:30,210.3,260,Very unhealthy 
1,2023-01-31 10:58:00,477.5,464,Extremely hazardous
1,2023-01-31 10:59:00,301.7,351,Hazardous
1,2023-01-31 10:59:30,400.4,425,Extremely hazardous
1,2023-01-31 11:00:00,88.7,167,Unhealthy
1,2023-01-31 11:01:00,57.9,151,Unhealthy
1,2023-01-31 11:01:30,394.1,422,Extremely hazardous
1,2023-01-31 11:02:00,74.7,160,Unhealthy
1,2023-01-31 11:02:30,22.2,72,Moderate
1,2023-01-31 11:03:00,92.7,170,Unhealthy
1,2023-01-31 11:04:00,429.9,440,Extremely hazardous
1,2023-01-31 11:04:30,356.7,403,Extremely hazardous
1,2023-01-31 11:05:00,432.8,441,Extremely hazardous
1,2023-01-31 11:05:30,476.9,463,Extremely hazardous
1,2023-01-31 11:06:00,382.4,416,Extremely hazardous
1,2023-01-31 11:06:30,296.4,346,Hazardous
1,2023-01-31 11:08:00,320.0,370,Hazardous
1,2023-01-31 11:10:30,447.9,449,Extremely hazardous
1,2023-01-31 11:11:00,115.9,182,Unhealthy
1,2023-01-31 11:12:00,168.2,218,Very unhealthy 
1,2023-01-31 11:13:00,375.8,413,Extremely hazardous
1,2023-01-31 11:13:30,92.0,169,Unhealthy
1,2023-01-31 11:14:00,225.7,275,Very unhealthy 
1,2023-01-31 11:14:30,313.4,363,Hazardous
1,2023-01-31 11:15:30,5.9,25,Good
1,2023-01-31 11:16:00,333.6,383,Hazardous
1,2023-01-31 11:16:30,32.3,93,Moderate
1,2023-01-31 11:17:30,383.7,417,Extremely hazardous
1,2023-01-31 11:19:00,141.0,195,Unhealthy
1,2023-01-31 11:22:30,341.9,391,Hazardous
1,2023-01-31 11:23:00,519.4,484,Extremely hazardous
1,2023-01-31 11:23:30,77.0,161,Unhealthy
1,2023-01-31 11:24:30,427.0,438,Extremely hazardous
1,2023-01-31 11:25:30,386.4,418,Extremely hazardous
1,2023-01-31 11:26:30,207.3,257,Very unhealthy 
1,2023-01-31 11:27:00,5.7,24,Good
1,2023-01-31 11:27:30,242.7,292,Very unhealthy 
1,2023-01-31 11:28:00,106.6,177,Unhealthy
1,2023-01-31 11:29:00,377.5,414,Extremely hazardous
1,2023-01-31 11:29:30,139.7,194,Unhealthy
1,2023-01-31 11:30:00,58.1,151,Unhealthy
1,2023-01-31 11:30:30,339.0,388,Hazardous
1,2023-01-31 11:32:00,435.3,442,Extremely hazardous
1,2023-01-31 11:34:30,49.4,135,Slightly unhealthy
1,2023-01-31 11:35:30,319.1,369,Hazardous
1,2023-01-31 11:36:00,459.8,455,Extremely hazardous
1,2023-01-31 11:36:30,451.8,451,Extremely hazardous
1,2023-01-31 11:37:30,99.8,173,Unhealthy
1,2023-01-31 11:38:00,6.6,27,Good
1,2023-01-31 11:38:30,363.7,407,Extremely hazardous
1,2023-01-31 11:40:30,472.1,461,Extremely hazardous
1,2023-01-31 11:41:00,80.3,163,Unhealthy
1,2023-01-31 11:41:30,168.8,218,Very unhealthy 
1,2023-01-31 11:42:30,429.5,440,Extremely hazardous
1,2023-01-31 11:43:30,33.9,97,Moderate
1,2023-01-31 11:46:00,340.7,390,Hazardous
1,2023-01-31 11:47:00,186.5,236,Very unhealthy 
1,2023-01-31 11:48:00,391.4,420,Extremely hazardous
1,2023-01-31 11:49:00,356.4,403,Extremely hazardous
1,2023-01-31 11:50:00,210.3,260,Very unhealthy 
1,2023-01-31 11:50:30,366.2,408,Extremely hazardous
1,2023-01-31 11:51:00,550.4,500,Extremely hazardous
1,2023-01-31 11:54:00,40.2,112,Slightly unhealthy
1,2023-01-31 11:57:00,345.7,395,Hazardous
1,2023-01-31 11:57:30,144.8,197,Unhealthy
1,2023-01-31 11:58:00,39.2,109,Slightly unhealthy
1,2023-01-31 11:58:30,179.3,229,Very unhealthy 
1,2023-01-31 11:59:30,278.8,328,Hazardous
1,2023-01-31 12:00:00,199.7,249,Very unhealthy 
1,2023-01-31 12:01:00,341.4,391,Hazardous
1,2023-01-31 12:01:30,537.4,493,Extremely hazardous
1,2023-01-31 12:02:00,202.3,252,Very unhealthy 
1,2023-01-31 12:03:00,464.6,457,Extremely hazardous
1,2023-01-31 12:03:30,382.4,416,Extremely hazardous
1,2023-01-31 12:04:00,50.4,137,Slightly unhealthy
1,2023-01-31 12:04:30,428.3,439,Extremely hazardous
1,2023-01-31 12:05:00,255.5,305,Hazardous
1,2023-01-31 12:05:30,91.1,169,Unhealthy
1,2023-01-31 12:06:30,133.9,191,Unhealthy
1,2023-01-31 12:07:00,342.6,392,Hazardous
1,2023-01-31 12:07:30,531.9,491,Extremely hazardous
1,2023-01-31 12:08:00,458.7,454,Extremely hazardous
1,2023-01-31 12:09:00,162.7,212,Very unhealthy 
1,2023-01-31 12:09:30,267.8,317,Hazardous
1,2023-01-31 12:11:00,95.4,171,Unhealthy
1,2023-01-31 12:11:30,337.7,387,Hazardous
1,2023-01-31 12:12:00,385.2,417,Extremely hazardous
1,2023-01-31 12:12:30,204.2,254,Very unhealthy 
1,2023-01-31 12:13:00,304.0,354,Hazardous
1,2023-01-31 12:13:30,163.3,213,Very unhealthy 
1,2023-01-31 12:14:30,180.7,230,Very unhealthy 
1,2023-01-31 12:15:00,196.8,246,Very unhealthy 
1,2023-01-31 12:15:30,196.5,246,Very unhealthy 
1,2023-01-31 12:16:00,190.9,240,Very unhealthy 
1,2023-01-31 12:16:30,354.3,402,Extremely hazardous
1,2023-01-31 12:17:00,396.2,423,Extremely hazardous
1,2023-01-31 12:18:00,328.9,378,Hazardous
1,2023-01-31 12:18:30,235.9,285,Very unhealthy 
1,2023-01-31 12:19:00,367.6,409,Extremely hazardous
1,2023-01-31 12:19:30,217.0,266,Very unhealthy 
1,2023-01-31 12:20:30,225.8,275,Very unhealthy 
1,2023-01-31 12:21:00,150.4,200,Unhealthy
1,2023-01-31 12:23:00,229.3,279,Very unhealthy 
1,2023-01-31 12:23:30,291.1,341,Hazardous
1,2023-01-31 12:24:00,28.8,86,Moderate
1,2023-01-31 12:25:00,399.9,425,Extremely hazardous
1,2023-01-31 12:25:30,240.6,290,Very unhealthy 
1,2023-01-31 12:26:00,520.2,485,Extremely hazardous
1,2023-01-31 12:27:00,510.1,480,Extremely hazardous
1,2023-01-31 12:27:30,394.8,422,Extremely hazardous
1,2023-01-31 12:28:00,227.0,276,Very unhealthy 
1,2023-01-31 12:29:30,224.3,274,Very unhealthy 
1,2023-01-31 12:30:00,550.2,500,Extremely hazardous
1,2023-01-31 12:31:30,131.8,190,Unhealthy
1,2023-01-31 12:32:00,116.3,182,Unhealthy
1,2023-01-31 12:33:00,478.0,464,Extremely hazardous
1,2023-01-31 12:34:30,289.9,339,Hazardous
1,2023-01-31 12:35:00,225.9,275,Very unhealthy 
1,2023-01-31 12:35:30,212.5,262,Very unhealthy 
1,2023-01-31 12:36:00,463.3,456,Extremely hazardous
1,2023-01-31 12:36:30,294.5,344,Hazardous
1,2023-01-31 12:37:30,325.5,375,Hazardous
1,2023-01-31 12:41:30,196.7,246,Very unhealthy 
1,2023-01-31 12:42:00,294.9,344,Hazardous
1,2023-01-31 12:42:30,277.6,327,Hazardous
1,2023-01-31 12:43:30,262.1,312,Hazardous
1,2023-01-31 12:44:00,378.2,414,Extremely hazardous
1,2023-01-31 12:45:00,378.6,414,Extremely hazardous
1,2023-01-31 12:45:30,50.4,137,Slightly unhealthy
1,2023-01-31 12:46:30,465.3,457,Extremely hazardous
1,2023-01-31 12:48:00,427.1,438,Extremely hazardous
1,2023-01-31 12:50:00,493.9,472,Extremely hazardous
1,2023-01-31 12:51:00,446.8,448,Extremely hazardous
1,2023-01-31 12:55:00,250.3,300,Very unhealthy 
1,2023-01-31 12:55:30,13.5,53,Moderate
1,2023-01-31 12:56:30,337.4,387,Hazardous
1,2023-01-31 12:57:00,251.6,301,Hazardous
1,2023-01-31 12:58:00,201.0,250,Very unhealthy 
1,2023-01-31 12:58:30,253.7,303,Hazardous
1,2023-01-31 12:59:00,410.0,430,Extremely hazardous
1,2023-01-31 12:59:30,374.9,412,Extremely hazardous
1,2023-01-31 13:00:00,433.4,441,Extremely hazardous
1,2023-01-31 13:01:00,263.0,312,Hazardous
1,2023-01-31 13:01:30,251.1,301,Hazardous
1,2023-01-31 13:02:00,206.5,256,Very unhealthy 
1,2023-01-31 13:03:00,252.6,302,Hazardous
1,2023-01-31 13:04:00,289.7,339,Hazardous
1,2023-01-31 13:04:30,355.3,402,Extremely hazardous
1,2023-01-31 13:06:30,319.7,369,Hazardous
1,2023-01-31 13:07:00,458.2,454,Extremely hazardous
1,2023-01-31 13:07:30,512.0,481,Extremely hazardous
1,2023-01-31 13:08:00,252.1,302,Hazardous
1,2023-01-31 13:08:30,104.3,176,Unhealthy
1,2023-01-31 13:09:00,403.5,426,Extremely hazardous
1,2023-01-31 13:10:30,501.6,476,Extremely hazardous
1,2023-01-31 13:11:00,371.0,410,Extremely hazardous
1,2023-01-31 13:11:30,488.0,469,Extremely hazardous
1,2023-01-31 13:12:30,77.7,162,Unhealthy
1,2023-01-31 13:13:00,159.9,209,Very unhealthy 
1,2023-01-31 13:13:30,164.4,214,Very unhealthy 
1,2023-01-31 13:14:00,395.9,423,Extremely hazardous
1,2023-01-31 13:15:00,282.7,332,Hazardous
1,2023-01-31 13:15:30,131.7,190,Unhealthy
1,2023-01-31 13:16:30,433.7,442,Extremely hazardous
1,2023-01-31 13:17:30,151.9,201,Very unhealthy 
1,2023-01-31 13:18:00,371.1,410,Extremely hazardous
1,2023-01-31 13:18:30,115.7,182,Unhealthy
1,2023-01-31 13:19:30,386.6,418,Extremely hazardous
1,2023-01-31 13:20:00,284.8,334,Hazardous
1,2023-01-31 13:20:30,296.0,346,Hazardous
1,2023-01-31 13:21:00,241.5,291,Very unhealthy 
1,2023-01-31 13:21:30,249.3,299,Very unhealthy 
1,2023-01-31 13:22:00,82.2,164,Unhealthy
1,2023-01-31 13:23:30,392.3,421,Extremely hazardous
1,2023-01-31 13:24:00,48.1,132,Slightly unhealthy
1,2023-01-31 13:24:30,327.8,377,Hazardous
1,2023-01-31 13:25:00,218.5,268,Very unhealthy 
1,2023-01-31 13:26:00,384.7,417,Extremely hazardous
1,2023-01-31 13:26:30,298.7,348,Hazardous
1,2023-01-31 13:27:00,78.2,162,Unhealthy
1,2023-01-31 13:27:30,46.7,128,Slightly unhealthy
1,2023-01-31 13:28:00,31.5,91,Moderate
1,2023-01-31 13:29:30,295.7,345,Hazardous
1,2023-01-31 13:32:00,308.1,358,Hazardous
1,2023-01-31 13:32:30,148.6,199,Unhealthy
1,2023-01-31 13:34:00,446.8,448,Extremely hazardous
1,2023-01-31 13:35:30,312.1,362,Hazardous
1,2023-01-31 13:36:00,381.4,415,Extremely hazardous
1,2023-01-31 13:37:00,90.6,168,Unhealthy
1,2023-01-31 13:37:30,238.2,288,Very unhealthy 
1,2023-01-31 13:38:00,89.9,168,Unhealthy
1,2023-01-31 13:38:30,510.3,480,Extremely hazardous
1,2023-01-31 13:39:00,453.5,452,Extremely hazardous
1,2023-01-31 13:40:00,500.7,475,Extremely hazardous
1,2023-01-31 13:40:30,336.9,386,Hazardous
1,2023-01-31 13:41:00,58.9,152,Unhealthy
1,2023-01-31 13:41:30,377.0,413,Extremely hazardous
1,2023-01-31 13:42:00,16.2,59,Moderate
1,2023-01-31 13:42:30,6.7,28,Good
1,2023-01-31 13:43:00,521.0,485,Extremely hazardous
1,2023-01-31 13:44:30,421.1,435,Extremely hazardous
1,2023-01-31 13:46:00,95.9,171,Unhealthy
1,2023-01-31 13:46:30,351.8,401,Extremely hazardous
1,2023-01-31 13:47:30,432.3,441,Extremely hazardous
1,2023-01-31 13:48:30,373.6,412,Extremely hazardous
1,2023-01-31 13:49:30,393.9,422,Extremely hazardous
1,2023-01-31 13:50:00,150.9,200,Very unhealthy 
1,2023-01-31 13:51:30,201.8,251,Very unhealthy 
1,2023-01-31 13:53:00,20.7,69,Moderate
1,2023-01-31 13:54:00,51.1,139,Slightly unhealthy
1,2023-01-31 13:54:30,349.5,399,Hazardous
1,2023-01-31 13:55:00,526.4,488,Extremely hazardous
1,2023-01-31 13:55:30,261.3,311,Hazardous
1,2023-01-31 13:58:30,234.9,284,Very unhealthy 
1,2023-01-31 13:59:00,26.2,80,Moderate
1,2023-01-31 14:00:30,523.3,486,Extremely hazardous
1,2023-01-31 14:01:00,396.4,423,Extremely hazardous
1,2023-01-31 14:02:00,502.6,476,Extremely hazardous
1,2023-01-31 14:03:30,74.8,160,Unhealthy
1,2023-01-31 14:04:30,202.0,252,Very unhealthy 
1,2023-01-31 14:05:00,358.2,404,Extremely hazardous
1,2023-01-31 14:05:30,240.9,290,Very unhealthy 
1,2023-01-31 14:06:00,480.7,465,Extremely hazardous
1,2023-01-31 14:06:30,439.5,444,Extremely hazardous
1,2023-01-31 14:07:00,442.1,446,Extremely hazardous
1,2023-01-31 14:07:30,95.4,171,Unhealthy
1,2023-01-31 14:08:00,280.8,330,Hazardous
1,2023-01-31 14:08:30,82.9,164,Unhealthy
1,2023-01-31 14:09:00,102.1,175,Unhealthy
1,2023-01-31 14:10:00,117.1,182,Unhealthy
1,2023-01-31 14:10:30,484.2,467,Extremely hazardous
1,2023-01-31 14:11:30,174.6,224,Very unhealthy 
1,2023-01-31 14:12:00,85.1,166,Unhealthy
1,2023-01-31 14:13:00,34.2,97,Moderate
1,2023-01-31 14:13:30,347.2,397,Hazardous
1,2023-01-31 14:14:00,391.8,421,Extremely hazardous
1,2023-01-31 14:14:30,169.9,219,Very unhealthy 
1,2023-01-31 14:15:00,209.2,259,Very unhealthy 
1,2023-01-31 14:16:30,491.4,470,Extremely hazardous
1,2023-01-31 14:17:00,429.7,440,Extremely hazardous
1,2023-01-31 14:18:00,415.4,432,Extremely hazardous
1,2023-01-31 14:19:00,244.5,294,Very unhealthy 
1,2023-01-31 14:19:30,225.5,275,Very unhealthy 
1,2023-01-31 14:20:00,443.7,447,Extremely hazardous
1,2023-01-31 14:22:00,186.2,236,Very unhealthy 
1,2023-01-31 14:22:30,496.0,473,Extremely hazardous
1,2023-01-31 14:23:00,395.7,423,Extremely hazardous
1,2023-01-31 14:23:30,489.2,469,Extremely hazardous
1,2023-01-31 14:24:30,376.3,413,Extremely hazardous
1,2023-01-31 14:25:00,7.2,30,Good
1,2023-01-31 14:26:00,313.7,363,Hazardous
1,2023-01-31 14:28:00,355.9,403,Extremely hazardous
1,2023-01-31 14:29:00,404.0,427,Extremely hazardous
1,2023-01-31 14:30:00,497.6,474,Extremely hazardous
1,2023-01-31 14:31:30,478.9,464,Extremely hazardous
1,2023-01-31 14:32:00,503.2,476,Extremely hazardous
1,2023-01-31 14:32:30,485.3,467,Extremely hazardous
1,2023-01-31 14:34:30,9.8,41,Good
1,2023-01-31 14:35:30,88.5,167,Unhealthy
1,2023-01-31 14:36:00,264.4,314,Hazardous
1,2023-01-31 14:36:30,331.8,381,Hazardous
1,2023-01-31 14:38:00,383.0,416,Extremely hazardous
1,2023-01-31 14:38:30,191.2,241,Very unhealthy 
1,2023-01-31 14:39:00,356.0,403,Extremely hazardous
1,2023-01-31 14:40:30,437.3,443,Extremely hazardous
1,2023-01-31 14:41:00,97.9,172,Unhealthy
1,2023-01-31 14:41:30,538.5,494,Extremely hazardous
1,2023-01-31 14:42:00,462.1,456,Extremely hazardous
1,2023-01-31 14:42:30,292.3,342,Hazardous
1,2023-01-31 14:43:00,380.9,415,Extremely hazardous
1,2023-01-31 14:46:00,138.6,194,Unhealthy
1,2023-01-31 14:46:30,281.7,331,Hazardous
1,2023-01-31 14:47:00,366.6,408,Extremely hazardous
1,2023-01-31 14:48:00,257.3,307,Hazardous
1,2023-01-31 14:48:30,227.9,277,Very unhealthy 
1,2023-01-31 14:49:30,96.4,172,Unhealthy
1,2023-01-31 14:50:00,492.1,471,Extremely hazardous
1,2023-01-31 14:50:30,396.1,423,Extremely hazardous
1,2023-01-31 14:51:30,241.6,291,Very unhealthy 
1,2023-01-31 14:52:30,207.2,257,Very unhealthy 
1,2023-01-31 14:54:00,522.3,486,Extremely hazardous
1,2023-01-31 14:54:30,46.1,126,Slightly unhealthy
1,2023-01-31 14:55:30,80.8,163,Unhealthy
1,2023-01-31 14:57:30,312.0,362,Hazardous
1,2023-01-31 14:58:00,408.3,429,Extremely hazardous
1,2023-01-31 14:59:30,324.7,374,Hazardous
1,2023-01-31 15:01:00,150.2,200,Unhealthy
1,2023-01-31 15:03:00,135.8,192,Unhealthy
1,2023-01-31 15:03:30,226.1,276,Very unhealthy 
1,2023-01-31 15:06:30,73.9,160,Unhealthy
1,2023-01-31 15:07:30,97.5,172,Unhealthy
1,2023-01-31 15:08:30,498.9,474,Extremely hazardous
1,2023-01-31 15:09:00,109.6,178,Unhealthy
1,2023-01-31 15:09:30,323.0,372,Hazardous
1,2023-01-31 15:10:30,401.4,425,Extremely hazardous
1,2023-01-31 15:12:30,473.1,461,Extremely hazardous
1,2023-01-31 15:13:30,460.6,455,Extremely hazardous
1,2023-01-31 15:14:30,131.9,190,Unhealthy
1,2023-01-31 15:15:00,303.7,353,Hazardous
1,2023-01-31 15:16:30,164.7,214,Very unhealthy 
1,2023-01-31 15:17:00,251.9,301,Hazardous
1,2023-01-31 15:18:00,365.1,407,Extremely hazardous
1,2023-01-31 15:18:30,18.8,64,Moderate
1,2023-01-31 15:19:00,421.4,435,Extremely hazardous
1,2023-01-31 15:19:30,225.1,275,Very unhealthy 
1,2023-01-31 15:20:00,265.3,315,Hazardous
1,2023-01-31 15:21:00,99.7,173,Unhealthy
1,2023-01-31 15:22:00,290.2,340,Hazardous
1,2023-01-31 15:24:30,416.6,433,Extremely hazardous
1,2023-01-31 15:26:00,59.4,152,Unhealthy
1,2023-01-31 15:26:30,296.6,346,Hazardous
1,2023-01-31 15:27:30,16.6,60,Moderate
1,2023-01-31 15:28:00,315.1,365,Hazardous
1,2023-01-31 15:29:30,271.8,321,Hazardous
1,2023-01-31 15:30:00,153.9,203,Very unhealthy 
1,2023-01-31 15:31:00,139.3,194,Unhealthy
1,2023-01-31 15:31:30,21.1,69,Moderate
1,2023-01-31 15:32:30,313.9,363,Hazardous
1,2023-01-31 15:33:00,176.6,226,Very unhealthy 
1,2023-01-31 15:33:30,256.8,306,Hazardous
1,2023-01-31 15:34:00,437.4,443,Extremely hazardous
1,2023-01-31 15:35:00,50.1,136,Slightly unhealthy
1,2023-01-31 15:35:30,471.7,461,Extremely hazardous
1,2023-01-31 15:36:30,34.6,98,Moderate
1,2023-01-31 15:37:00,466.0,458,Extremely hazardous
1,2023-01-31 15:37:30,457.6,454,Extremely hazardous
1,2023-01-31 15:38:30,112.4,180,Unhealthy
1,2023-01-31 15:39:00,472.6,461,Extremely hazardous
1,2023-01-31 15:39:30,471.2,460,Extremely hazardous
1,2023-01-31 15:40:00,78.4,162,Unhealthy
1,2023-01-31 15:40:30,137.2,193,Unhealthy
1,2023-01-31 15:42:00,359.8,405,Extremely hazardous
1,2023-01-31 15:44:00,388.1,419,Extremely hazardous
1,2023-01-31 15:44:30,62.0,153,Unhealthy
1,2023-01-31 15:47:00,269.7,319,Hazardous
1,2023-01-31 15:47:30,421.2,435,Extremely hazardous
1,2023-01-31 15:48:00,234.4,284,Very unhealthy 
1,2023-01-31 15:49:00,97.8,172,Unhealthy
1,2023-01-31 15:50:00,525.9,488,Extremely hazardous
1,2023-01-31 15:51:30,68.3,157,Unhealthy
1,2023-01-31 15:52:30,144.6,197,Unhealthy
1,2023-01-31 15:53:00,267.0,316,Hazardous
1,2023-01-31 15:53:30,326.1,376,Hazardous
1,2023-01-31 15:54:00,181.2,231,Very unhealthy 
1,2023-01-31 15:54:30,147.0,198,Unhealthy
1,2023-01-31 15:56:00,248.3,298,Very unhealthy 
1,2023-01-31 15:57:30,435.7,443,Extremely hazardous
1,2023-01-31 15:58:00,226.8,276,Very unhealthy 
1,2023-01-31 15:59:00,381.7,416,Extremely hazardous
1,2023-01-31 15:59:30,186.0,236,Very unhealthy 
1,2023-01-31 16:00:00,430.3,440,Extremely hazardous
